{"cameraMode":{"drawMode":0,"name":"Shaded","section":"Shading Mode"},"sceneLighting":true,"audioPlay":false,"sceneViewState":{"m_AlwaysRefresh":false,"showFog":true,"showSkybox":true,"showFlares":true,"showImageEffects":true,"showParticleSystems":true,"showVisualEffectGraphs":true,"m_FxEnabled":true},"in2DMode":false,"pivot":{"x":3.5508103370666506,"y":-45.18475341796875,"z":-10.276664733886719},"rotation":{"x":0.017085999250411989,"y":0.8429239392280579,"z":-0.5370936989784241,"w":0.02681463398039341},"size":91.81298065185547,"orthographic":false}